show/episodes/ep01/production/act4/shotlist.md	show/episodes/ep01/production/act4/history/shotlist.md
show/episodes/ep01/production/act4/shots.json	show/episodes/ep01/production/act4/history/shots.json
show/episodes/ep01/production/act4/shots-locked.json	show/episodes/ep01/production/act4/history/shots-locked.json
show/episodes/ep01/production/act4/shotlist-v2.md	show/episodes/ep01/production/act4/history/shotlist-v2.md
show/episodes/ep01/production/act4/shots-v2.json	show/episodes/ep01/production/act4/history/shots-v2.json
show/episodes/ep01/production/act4/shots-locked-v2.json	show/episodes/ep01/production/act4/history/shots-locked-v2.json
show/episodes/ep01/production/act4/chunks-v2.md	show/episodes/ep01/production/act4/history/chunks-v2.md
show/episodes/ep01/production/act4/timing-v2.md	show/episodes/ep01/production/act4/history/timing-v2.md
show/episodes/ep01/production/act4/shotlist-v3.md	show/episodes/ep01/production/act4/history/shotlist-v3.md
show/episodes/ep01/production/act4/shots-v3.json	show/episodes/ep01/production/act4/history/shots-v3.json
show/episodes/ep01/production/act4/chunks-v3.md	show/episodes/ep01/production/act4/history/chunks-v3.md
show/episodes/ep01/production/act4/timing-v3.md	show/episodes/ep01/production/act4/history/timing-v3.md
show/episodes/ep01/production/act4/diagnosis-v3.md	show/episodes/ep01/production/act4/history/diagnosis-v3.md
show/episodes/ep01/production/act4/sound-diagnosis-v3.md	show/episodes/ep01/production/act4/history/sound-diagnosis-v3.md
show/episodes/ep01/production/act4/framing-v3.json	show/episodes/ep01/production/act4/history/framing-v3.json
show/episodes/ep01/production/act4/framing-v3.md	show/episodes/ep01/production/act4/history/framing-v3.md
out/ep01/act4/animatic/act4-dialogue-premix-v2.cues.json	out/ep01/act4/animatic/history/v2/act4-dialogue-premix-v2.cues.json
out/ep01/act4/animatic/act4-v2-contact.png	out/ep01/act4/animatic/history/v2/act4-v2-contact.png
out/ep01/act4/animatic/layout-v2.json	out/ep01/act4/animatic/history/v2/layout-v2.json
out/ep01/act4/animatic/lock-raw.json	out/ep01/act4/animatic/history/v2/lock-raw.json
out/ep01/act4/animatic/scratch-vo	out/ep01/act4/animatic/history/v2/scratch-vo
out/ep01/act4/animatic/act4-v3-contact.png	out/ep01/act4/animatic/history/v3/act4-v3-contact.png
out/ep01/act4/animatic/layout-v3.json	out/ep01/act4/animatic/history/v3/layout-v3.json
out/ep01/act4/framing-v3	out/ep01/act4/history/framing-v3
