studio/src/episodes/ep01/act4/animatic/tools/report_v4.py	c.L = json.load(open(os.path.join(PROD, f"shots-locked-{v}.json")))	reviewed COMPOSED: harmless: loads only v3/v4/v5, which stay (KEEP)
studio/src/episodes/ep01/act4/animatic/tools/report_v5.py	c.L = json.load(open(os.path.join(PROD, f"shots-locked-{v}.json")))	reviewed COMPOSED: harmless: loads only v3/v4/v5, which stay (KEEP)
audio/ost/tracks/mm07-how-to-fire-a-ceo/track.py	# animatic kit on its real clock (studio/src/episodes/ep01/act4/kits/plan.ts; production/act4/chunks-v2.md C01).	reviewed FRAGMENT: prose, provenance string or comment naming the round (a record)
studio/src/dev/framing-v3/plan_v3.py	"""framing-v3 plan for Ep1 Act Four (cinematography / framing designer, 2026-09-25). Writes show/episodes/ep01/production/act4/history/framing-v3.json:	reviewed FRAGMENT: prose, provenance string or comment naming the round (a record)
studio/src/episodes/ep01/act4/animatic/plan25.ts	// (production/act4/shotlist.md 25.01-25.08) on its real clock: 18 bars at 96 BPM = 1080 frames (15 per beat, 60 per	reviewed FRAGMENT: prose, provenance string or comment naming the round (a record)
studio/src/episodes/ep01/act4/animatic/tools/lock.py	("board", "production/act4/shots.json board 1 (draft 2) carried by d2_id; re-boarded to draft 3 by THE EDITOR at layout level"),	reviewed FRAGMENT: prose, provenance string or comment naming the round (a record)
studio/src/episodes/ep01/act4/animatic/tools/lock_v2.py	supersedes="shots-locked.json (lock v1, draft 3; kept because board_v2.py reads its ids)",	reviewed FRAGMENT: prose, provenance string or comment naming the round (a record)
studio/src/episodes/ep01/act4/animatic/tools/lock_v2.py	+ "- **Scene builders:** build to the shot-relative frames in `shots-locked-v2.json`; line `at`/`end` are shot frames, `abs_in` act frames.\n")	reviewed FRAGMENT: prose, provenance string or comment naming the round (a record)
studio/src/episodes/ep01/act4/animatic/tools/lock_v2.py	"`act4-v2-contact.png` (one still per shot, its middle frame), `act4-dialogue-premix-v2.wav` (+ `.cues.json`), `layout-v2.json` "	reviewed FRAGMENT: prose, provenance string or comment naming the round (a record)
studio/src/episodes/ep01/act4/animatic/tools/report_v3.py	w("Board 3 (`shots-v3.json`, draft 3.2) re-sat on the 3.2 re-record (`lines.json`), cut with temp sound. Generated by "	reviewed FRAGMENT: prose, provenance string or comment naming the round (a record)
studio/src/episodes/ep01/act4/board/tools/board_v3.py	"framing-v3 drawing 1 (15–20 agent-min) + the steps (10 agent-min). It's the committee's clock and the pass's fuse", True, True)	reviewed FRAGMENT: prose, provenance string or comment naming the round (a record)
studio/src/episodes/ep01/act4/board/tools/board_v3.py	'call it at 480x203 (it is parametric; the shelves may need to fill the height)', 'framing-v3 shapes list (0–10 agent-min)', True, True)	reviewed FRAGMENT: prose, provenance string or comment naming the round (a record)
studio/src/episodes/ep01/act4/board/tools/board_v3.py	"stand-in: a crop of the slate-remapped bullpen floor band from the wide + the mas-stand shoe tips (reads for its 1 beat)", 'framing-v3 drawing 2 (10–15 agent-min)', True, True)	reviewed FRAGMENT: prose, provenance string or comment naming the round (a record)
studio/src/episodes/ep01/act4/board/tools/board_v3.py	'stand-in: a crop of drawLobby (night, lit) framed on the sign and the desk (not a true low angle; it times the shot)', 'framing-v3 drawing 4 (25–35 agent-min)', True, True)	reviewed FRAGMENT: prose, provenance string or comment naming the round (a record)
studio/src/episodes/ep01/act4/board/tools/board_v3.py	"stand-in: the helper's bottom extension (reads boxy by day, templates sheet 12); acceptable for the animatic, logged as a stand-in", 'framing-v3 §6 (5–10 agent-min each)', True, True)	reviewed FRAGMENT: prose, provenance string or comment naming the round (a record)
studio/src/episodes/ep01/act4/board/tools/board_v3.py	asset('cast.gerg.tallbust', 'cast', 'NEW', "Gerg's day tall bust (gergGlow), for the 50/50", 'P2', "stand-in: the helper's extension (his print repeats into stripes: crop it at the laptop line)", 'framing-v3 §6', True, True)	reviewed FRAGMENT: prose, provenance string or comment naming the round (a record)
studio/src/episodes/ep01/act4/board/tools/board_v3.py	asset('cast.alyi.tallbust', 'cast', 'NEW', "Alyi's day tall bust (alyiSpeakPortrait), for the all-hands doorway", 'P2', "stand-in: the helper's extension; the jamb covers half of him", 'framing-v3 §6', True, True)	reviewed FRAGMENT: prose, provenance string or comment naming the round (a record)
studio/src/episodes/ep01/act4/board/tools/board_v3.py	'gridLayout(n, {area}) + drawTile at the new rects (parameters, no drawing)', 'framing-v3 shapes list (10–20 agent-min)', True, True)	reviewed FRAGMENT: prose, provenance string or comment naming the round (a record)
studio/src/episodes/ep01/act4/board/tools/board_v3.py	asset('kit.spotlight', 'kits', 'PARAM', "RIMA's hard spotlight pool at full frame", 'P1', 'kits/callgrid.ts spotlight() on a 480x203 region', 'framing-v3 shapes list (5 agent-min)', True, True)	reviewed FRAGMENT: prose, provenance string or comment naming the round (a record)
studio/src/episodes/ep01/act4/board/tools/board_v3.py	'flat shapes (rects in the room palette) over the frameless bust: no art needed', 'framing-v3 shapes list (5–10 agent-min each)', True, True)	reviewed FRAGMENT: prose, provenance string or comment naming the round (a record)
studio/src/episodes/ep01/act4/board/tools/board_v3.py	"stand-in: an integer 2x nearest of drawHourglass 'lg', MARKED (the templates sheet 9 shows 'lg' reads as a small prop, not a foreground); final art is redrawn, never scaled", 'framing-v3 drawing 6 (10–15 agent-min)', True, True)	reviewed FRAGMENT: prose, provenance string or comment naming the round (a record)
studio/src/episodes/ep01/act4/board/tools/board_v3.py	'copy the prototype (bust / soft / vignette) into the animatic: existing portrait art composed unscaled; no crop or scale involved', 'framing-v3 §6 helpers (45–75 agent-min with the rest)', True, True)	reviewed FRAGMENT: prose, provenance string or comment naming the round (a record)
studio/src/episodes/ep01/act4/board/tools/board_v3.py	asset('fx.ots-shoulder', 'engine', 'HELPER', 'shoulderFg: the listener\'s portrait as an N0 silhouette with a 1 px rim, bleeding off the side and bottom', 'P1', 'the prototype `shoulder`', 'framing-v3 §6', True, True)	reviewed FRAGMENT: prose, provenance string or comment naming the round (a record)
studio/src/episodes/ep01/act4/board/tools/board_v3.py	asset('fx.rack', 'engine', 'HELPER', 'softLayer with a keep mask + rackAt (3 held steps of 2 f); record text is never inside the soft layer', 'P2', 'the prototype `soft` with a keep mask', 'framing-v3 §6', True, True)	reviewed FRAGMENT: prose, provenance string or comment naming the round (a record)
studio/src/episodes/ep01/act4/board/tools/board_v3.py	asset('fx.whip', 'engine', 'HELPER', 'whipFrame: 4 f (2 out, 2 in), row runs + the highlight smear; the rail band and UI never streak', 'P2', 'the prototype `whip`; fallback a hard cut', 'framing-v3 §6', True, True)	reviewed FRAGMENT: prose, provenance string or comment naming the round (a record)
studio/src/episodes/ep01/act4/board/tools/board_v3.py	'it IS a whole-number 2x crop of the screen buffer: nothing to draw', 'framing-v3 §6', True, True)	reviewed FRAGMENT: prose, provenance string or comment naming the round (a record)
studio/src/episodes/ep01/act4/board/tools/board_v3.py	asset('fx.drift', 'engine', 'HELPER', 'driftAt: whole-pixel parallax, <= 16 px a shot', 'P3', 'the prototype `shift`', 'framing-v3 §6', True, True)	reviewed FRAGMENT: prose, provenance string or comment naming the round (a record)
studio/src/episodes/ep01/act4/board/tools/board_v3.py	asset('fx.pan', 'engine', 'HELPER', 'moveTo across art drawn bigger than the frame, whole pixels on 2 f holds', 'P2', 'a whole-pixel offset of the tall blueprint sheet', 'framing-v3 §2.2', True, True)	reviewed FRAGMENT: prose, provenance string or comment naming the round (a record)
studio/src/episodes/ep01/act4/board/tools/board_v3.py	("framing-v3 drawing 3 (the bullpen ceiling, low angle)", 'the landlord is one still wide (a real line plays whole on one shot)'),	reviewed FRAGMENT: prose, provenance string or comment naming the round (a record)
studio/src/episodes/ep01/act4/board/tools/board_v3.py	("framing-v3 drawing 5 (the 1993 dialog + arrow redrawn at 2x UI scale)", "replaced by the screen macro on 26.06: in-world 2x of the laptop's own pixels, 1 beat (macro 1 of 2)"),	reviewed FRAGMENT: prose, provenance string or comment naming the round (a record)
studio/src/episodes/ep01/act4/board/tools/board_v3.py	v2=['25.03'], fv3=['25.03'], change='SPLIT', note="framing-v3's structure pan, on NELEH's control line.", model='(in 25.02)', script='THE DIAGRAM',	reviewed FRAGMENT: prose, provenance string or comment naming the round (a record)
studio/src/episodes/ep01/act4/board/tools/board_v3.py	v2=['26.04c', '26.05'], fv3=['26.05'], change='REFRAME', note="framing-v3's 'close on the dialog' as a screen macro instead of a 2x redraw: no new drawing.",	reviewed FRAGMENT: prose, provenance string or comment naming the round (a record)
studio/src/episodes/ep01/act4/board/tools/board_v3.py	v2=[], fv3=['27.01a'], change='NEW', note="framing-v3's catch on a face: she turns a page and doesn't look up.", model='2 beats', script='2 beats', room="NELEH's desk world (nelehTileBg at 480x203), by day",	reviewed FRAGMENT: prose, provenance string or comment naming the round (a record)
studio/src/episodes/ep01/act4/board/tools/board_v3.py	v2_id='board 2 / lock v2 ids this shot comes from (they coincide); lock_id repeats them for the lock tools', fv3_id='framing-v3 rows',	reviewed FRAGMENT: prose, provenance string or comment naming the round (a record)
studio/src/episodes/ep01/act4/kits/plan.ts	// (production/act4/shotlist.md 25.01-25.08) on its real clock: 18 bars at 96 BPM = 1080 frames (15 per beat, 60 per	reviewed FRAGMENT: prose, provenance string or comment naming the round (a record)
