studio/src/dev/intro/tools/events.ts	const TL = (m: string) => `studio/src/dev/${m}/timeline.ts`;	reviewed COMPOSED: a record, provenance string or comment naming the file's old home (§4 phase 5a)
studio/src/dev/intro/tools/events.ts	const SC = (m: string, file = 'scene.ts') => `studio/src/dev/${m}/${file}`;	reviewed COMPOSED: a record, provenance string or comment naming the file's old home (§4 phase 5a)
show/episodes/ep01/production/act4/shots-locked-v2.json	*	reviewed FRAGMENT: a record, provenance string or comment naming the file's old home (§4 phase 5a)
show/episodes/ep01/production/act4/shots-v2.json	*	reviewed FRAGMENT: a record, provenance string or comment naming the file's old home (§4 phase 5a)
show/episodes/ep01/production/act4/shots.json	*	reviewed FRAGMENT: a record, provenance string or comment naming the file's old home (§4 phase 5a)
studio/src/dev/mfinale/title.ts	// 1-BIT -> EARLY-WEB 16 -> flat -> chrome ladder: four brightness jumps within 24 frames of the f622 ignition). The period is THE ORB: the cold open's Orb model (mcoldopen/orb.ts: the black glass	reviewed FRAGMENT: a record, provenance string or comment naming the file's old home (§4 phase 5a)
studio/src/dev/outro/c/tools/png.ts	// Minimal PNG writer for outro C's Node preview (dev only; the same approach as mfinale/tools/png.ts).	reviewed FRAGMENT: a record, provenance string or comment naming the file's old home (§4 phase 5a)
studio/src/dev/range/p2/tools/png.ts	// Minimal PNG writer for Prototype 2's Node tools (a copy of pixeladv/tools/png.ts; dev only).	reviewed FRAGMENT: a record, provenance string or comment naming the file's old home (§4 phase 5a)
studio/src/episodes/ep01/act4/animatic/tools/lock_v2.py	"cast.orb.room": ("SALVAGE", "still dev/mcoldopen/orb.ts; cast/orb-medium.ts has a shared drawOrb that works at room radius"),	reviewed FRAGMENT: a record, provenance string or comment naming the file's old home (§4 phase 5a)
studio/src/episodes/ep01/act4/board/tools/board_v2.py	"room.tpool-door + room.darkroom (EXISTS). NEW first: room.darkroom.medium, cast.mas.medium (in progress: cast/mas-medium.ts), cast.orb.medium + cast.orb.portrait (port dev/mcoldopen/orb.ts), cast.mas.hand.carve + .thumb-mark3, prop.wallet, kit.post-ui (composer), kit.vo-line; V.O. a4-26a-vo1 NEW READ."),	reviewed FRAGMENT: a record, provenance string or comment naming the file's old home (§4 phase 5a)
studio/src/episodes/ep01/act4/board/tools/board_v2.py	AS("cast.orb.room", "room-sprite", "cast", "SALVAGE", f"{SHARED}/cast/orb.ts (port)", "drawOrb · orbLookAt · orbBob", "Room scale at his shoulder (24.01, 31.02: it looks at the vault).", "", "dev/mcoldopen/orb.ts")	reviewed FRAGMENT: a record, provenance string or comment naming the file's old home (§4 phase 5a)
studio/src/episodes/ep01/act4/board/tools/board_v2.py	"CHECK: Com says the iris positions exist; confirm them at [2S] scale. Source: dev/mcoldopen/orb.ts.", "dev/mcoldopen/orb.ts")	reviewed FRAGMENT: a record, provenance string or comment naming the file's old home (§4 phase 5a)
studio/src/episodes/ep01/act4/board/tools/board_v2.py	AS("cast.mas.tile", "tile", "cast", "SALVAGE", "", "masTileImg (still in dev/mfinale/callart)", "Mas's call tile (Vegas, day); the cast's callgrid view composes the salvage (no FIRED., the clock blanked).", "", "dev/mfinale/callart.ts")	reviewed FRAGMENT: a record, provenance string or comment naming the file's old home (§4 phase 5a)
studio/src/episodes/ep01/act4/board/tools/board_v2.py	("cast", "CHECK", "The Orb's iris targets at [2S] scale (tally marks 1, 2, 3, his thumb, the phone, the lanyard, his face) and the Orb's promotion from dev/mcoldopen/orb.ts to a shared cast file."),	reviewed FRAGMENT: a record, provenance string or comment naming the file's old home (§4 phase 5a)
studio/src/episodes/ep01/pixel/art-a/demos/act1-launch.ts	D({id: 'PROP-BEIGE-BUTTON', state: 'ecu-finger-click', module: MB + ' drawButtonECU (port of dev/mfinale/callart.ts)', note: 'sc 5 [ECU] his finger, no hover: press 2 (the click), the LED lit',	reviewed FRAGMENT: a record, provenance string or comment naming the file's old home (§4 phase 5a)
studio/src/shared/pixel/kits/launch-button.ts	// The salvaged art from the cut intro slot (dev/mfinale/callart.ts: `handFig` / `drawButton`, the picture in	reviewed FRAGMENT: a record, provenance string or comment naming the file's old home (§4 phase 5a)
